,Hydro,WindPower,PV,Biomass,Nuclear,Coal,Gaz,Oil
RoGonDor,56186.35421163004,221775.484740988,207942.79386844512,19573.5,50783.1830528,21785.738972004707,130694.00227687234,8652.376273567692
DolAmroth,15080.799444128708,11923.333333333334,12172.678881927632,367.12,5000.0,11.9233920000001,6392.1,0.0
Harad,19583.440000000002,7815.433432337225,114304.357491088,469.141614393073,40000.0,1783.371950579259,65000.0,3.9496030444614
