,Hydro|Reservoir,Biomass|w/o CCS,Coal|Hard coal|w/o CCS,Coal|Lignite|w/o CCS,Gas|CCGT|w/o CCS,Gas|OCGT|w/o CCS,Nuclear,Oil|w/o CCS,Solar|PV|Rooftop|Commercial,Solar|PV|Utility|Average,Solar|PV|Utility|Inf,Solar|PV|Utility|Opt,Wind|Onshore|Avg,Wind|Onshore|Opt,Wind|Offshore|Deep,Wind|Offshore|Shallow,Wind|Offshore|Transitional,Hydro|Run of River,Hydro|Pumped Storage,Battery|Lithium-Ion
RoGonDor,25814.05,19573.5,16445.954879200908,5339.7840928038,83694.00227687234,22000.0,50783.1830528,8652.376273567692,58954.61500638939,40592.26341673305,39143.67542912207,69252.24001620061,35883.159792621394,102783.227287233,18113.33333333333,41080.35707125871,23915.40725654155,18221.764211630038,12150.54,142775.46610472782
DolAmroth,5524.239444128706,367.12,11.9233920000001,0.0,2000.0,0.0,5000.0,0.0,0.0,5000.0,3040.226434378937,4132.452447548694,2000.0,9923.333333333334,0.0,0.0,0.0,6254.56,3302.0,3915.349093798037
Harad,6000.0,469.141614393073,1783.371950579259,0.0,15000.0,25000.0,40000.0,3.9496030444614,37504.37357802545,32109.9390625,32109.9390625,12580.10578806254,7815.433432337225,0.0,0.0,0.0,0.0,7662.72,5920.72,27246.119274895213
